{
    "kango_version": "1.3.1 ba4b80d08b67", 
    "content_scripts": [
        "loader.js"
    ], 
    "description": "Exports citations to the scinet database.", 
    "creator": "Austin Macdonald", 
    "kango_package_id": "dev", 
    "background_scripts": [
        "jquery-1.9.1.min.js", 
        "cache-control.js"
    ], 
    "homepage_url": "http://github.com/CenterForOpenScience/scinet-citelet/", 
    "version": "0.9.0", 
    "id": "mkpjdkkkaoleohcihecofijalokjjleo", 
    "name": "Citelet"
}